user,mail,pass
Diana,diana@example.com,Diana515
Granville,granville@example.com,Granville933
Norma,norma@example.com,Norma358
Martina,martina@example.com,Martina252
Carleen,carleen@example.com,Carleen657
Sacha,sacha@example.com,Sacha299
Leslie,leslie@example.com,Leslie140
Reiko,reiko@example.com,Reiko270
Sara,sara@example.com,Sara114
Lianne,lianne@example.com,Lianne289
Mardell,mardell@example.com,Mardell178
Josephine,josephine@example.com,Josephine844
Yuette,yuette@example.com,Yuette258
Floyd,floyd@example.com,Floyd998
Irish,irish@example.com,Irish162
Jefferey,jefferey@example.com,Jefferey294
Kami,kami@example.com,Kami786
Hortensia,hortensia@example.com,Hortensia289
Saul,saul@example.com,Saul903
Shanae,shanae@example.com,Shanae469
Claudie,claudie@example.com,Claudie166
Dwight,dwight@example.com,Dwight411
Lanette,lanette@example.com,Lanette954
Ludie,ludie@example.com,Ludie376
Ben,ben@example.com,Ben766
Jeffry,jeffry@example.com,Jeffry366
Eileen,eileen@example.com,Eileen374
Adriene,adriene@example.com,Adriene596
Yoshiko,yoshiko@example.com,Yoshiko676
Jeff,jeff@example.com,Jeff48
Lachelle,lachelle@example.com,Lachelle233
Pearle,pearle@example.com,Pearle190
Georgine,georgine@example.com,Georgine980
Thurman,thurman@example.com,Thurman589
Geri,geri@example.com,Geri441
Alishia,alishia@example.com,Alishia638
Tawana,tawana@example.com,Tawana128
Nancie,nancie@example.com,Nancie610
Kazuko,kazuko@example.com,Kazuko683
Anglea,anglea@example.com,Anglea877
Yer,yer@example.com,Yer508
Yael,yael@example.com,Yael486
Laree,laree@example.com,Laree210
Dorine,dorine@example.com,Dorine357
Blair,blair@example.com,Blair412
Marsha,marsha@example.com,Marsha998
Trey,trey@example.com,Trey829
Thelma,thelma@example.com,Thelma311
Chanda,chanda@example.com,Chanda675
Corinna,corinna@example.com,Corinna637
